anzahl;vorname;geschlecht;position
43;Marie;w;2
35;Maria;w;2
35;Sophie;w;2
29;Paul;m;1
29;Emma;w;1
26;Mia;w;1
24;Emil;m;1
24;Leni;w;1
23;Felix;m;1
23;Jakob;m;1
23;Marie;w;1
23;Noah;m;1
22;Anton;m;1
21;Emilia;w;1
21;Johanna;w;1
21;Lina;w;1
20;Lukas;m;1
20;Hannah;w;1
19;Paul;m;2
19;Leonie;w;1
18;Alexander;m;2
18;Ben;m;1
18;Sophia;w;1
17;Maximilian;m;1
17;Ella;w;1
17;Sophie;w;1
16;Finn;m;1
16;Jan;m;1
16;Milan;m;1
16;Anna;w;1
15;Julian;m;1
15;Lara;w;1
15;Lotta;w;1
15;Mira;w;1
14;Alexander;m;1
14;Jonas;m;1
14;Jonathan;m;1
14;Charlotte;w;1
14;Ida;w;1
13;Benjamin;m;1
13;Leo;m;1
13;Leon;m;1
13;Lena;w;1
13;Mila;w;1
12;Maximilian;m;2
12;Anna;w;2
12;Adam;m;1
12;Daniel;m;1
12;Julia;w;1
12;Henri;m;1
12;Luisa;w;1
12;Liam;m;1
12;Nora;w;1
12;Mats;m;1
12;Paula;w;1
12;Max;m;1
12;Ole;m;1
12;Oskar;m;1
11;Elias;m;2
11;Katharina;w;2
11;Clara;w;1
11;Hanna;w;1
11;Laura;w;1
11;Henry;m;1
11;Lea;w;1
11;Louis;m;1
11;Louisa;w;1
11;Luca;m;1
10;Karl;m;2
10;Johanna;w;2
10;Sophia;w;2
10;Emily;w;1
10;Aaron;m;1
10;Greta;w;1
10;Julius;m;1
10;Maria;w;1
10;Karl;m;1
10;Moritz;m;1
9;Josef;m;2
9;Charlotte;w;2
9;Luise;w;2
9;Frida;w;1
9;Jana;w;1
9;Adrian;m;1
9;Maja;w;1
9;Elias;m;1
9;Maya;w;1
9;Johann;m;1
9;Sara;w;1
9;Justus;m;1
9;Leonard;m;1
9;Levi;m;1
9;Nils;m;1
9;Theo;m;1
9;Tom;m;1
8;Felix;m;2
8;Johann;m;2
8;Michael;m;2
8;Elisabeth;w;2
8;Emilia;w;2
8;Frieda;w;1
8;Lia;w;1
8;Mathilda;w;1
8;Melina;w;1
8;Nele;w;1
8;Olivia;w;1
8;Jonah;m;1
8;Kilian;m;1
8;Vincent;m;1
7;Louisa;w;2
7;Carlotta;w;1
7;Elisa;w;1
7;Fiona;w;1
7;Amir;m;1
7;Helena;w;1
7;Arthur;m;1
7;Lisa;w;1
7;Carlo;m;1
7;Luise;w;1
7;David;m;1
7;Tilda;w;1
7;Emir;m;1
7;Erik;m;1
7;Fabian;m;1
7;Konstantin;m;1
7;Lio;m;1
7;Milo;m;1
7;Simon;m;1
7;Thilo;m;1
6;David;m;2
6;Gabriel;m;2
6;Maria;m;2
6;Peter;m;2
6;Louise;w;2
6;Amelie;w;1
6;Antonia;w;1
6;Finja;w;1
6;Lucy;w;1
6;Mina;w;1
6;Pia;w;1
6;Ronja;w;1
6;Sarah;w;1
6;Lars;m;1
6;Viktoria;w;1
6;Lennard;m;1
6;Mateo;m;1
6;Michael;m;1
6;Nicolas;m;1
6;Sam;m;1
5;Marie;w;3
5;Can;m;2
5;Luisa;w;2
5;Clemens;m;2
5;Magdalena;w;2
5;Friedrich;m;2
5;Nur;w;2
5;Georg;m;2
5;Henri;m;2
5;Jakob;m;2
5;Johannes;m;2
5;Julius;m;2
5;Martin;m;2
5;Noah;m;2
5;Samuel;m;2
5;Stefan;m;2
5;Alma;w;1
5;Elina;w;1
5;Eva;w;1
5;Jule;w;1
5;Juna;w;1
5;Bilal;m;1
5;Klara;w;1
5;Carl;m;1
5;Liliana;w;1
5;Gabriel;m;1
5;Luna;w;1
5;Jannik;m;1
5;Marla;w;1
5;Johannes;m;1
5;Merle;w;1
5;Joshua;m;1
5;Thea;w;1
5;Lasse;m;1
5;Victoria;w;1
5;Levin;m;1
5;Zoe;w;1
5;Luan;m;1
5;Luis;m;1
5;Malte;m;1
5;Matteo;m;1
5;Matti;m;1
5;Mattis;m;1
5;Mohammed;m;1
5;Nick;m;1
5;Philipp;m;1
5;Rafael;m;1
5;Samuel;m;1
5;Theodor;m;1
5;Till;m;1
5;Timo;m;1
5;Valentin;m;1
4;Katharina;w;3
4;Sophie;w;3
4;Clara;w;2
4;Elena;w;2
4;Elif;w;2
4;Elisa;w;2
4;Erika;w;2
4;Josefine;w;2
4;Josephine;w;2
4;Martha;w;2
4;Mia;w;2
4;Ben;m;2
4;Benedikt;m;2
4;Emil;m;2
4;Hans;m;2
4;Konstantin;m;2
4;Leonard;m;2
4;Leonhard;m;2
4;Louis;m;2
4;Luan;m;2
4;Matthias;m;2
4;Theodor;m;2
4;Wilhelm;m;2
4;Alva;w;1
4;Alya;w;1
4;Amelia;w;1
4;Amira;w;1
4;Chiara;w;1
4;Elena;w;1
4;Elisabeth;w;1
4;Isabella;w;1
4;Josefine;w;1
4;Josephine;w;1
4;Liya;w;1
4;Marlene;w;1
4;Medina;w;1
4;Mona;w;1
4;Nela;w;1
4;Ali;m;1
4;Stella;w;1
4;Damian;m;1
4;Valentina;w;1
4;Ferdinand;m;1
4;Florian;m;1
4;Fritz;m;1
4;Jamie;m;1
4;Janosch;m;1
4;Jason;m;1
4;Kaan;m;1
4;Karim;m;1
4;Lenn;m;1
4;Lino;m;1
4;Linus;m;1
4;Lorenz;m;1
4;Lucas;m;1
4;Luka;m;1
4;Luke;m;1
4;Mohammad;m;1
4;Nico;m;1
4;Niklas;m;1
4;Oscar;m;1
4;Philip;m;1
4;Raphael;m;1
4;Tobias;m;1
4;Toni;m;1
4;Yusuf;m;1
3;André;m;3
3;Leonard;m;3
3;Peter;m;3
3;Aurora;w;2
3;Hannah;w;2
3;Helene;w;2
3;Ida;w;2
3;Isabella;w;2
3;Lilly;w;2
3;Lotte;w;2
3;Lucia;w;2
3;Malena;w;2
3;Marlene;w;2
3;Paula;w;2
3;Rosa;w;2
3;Andreas;m;2
3;Sofia;w;2
3;Asaf;m;2
3;Sofie;w;2
3;Benjamin;m;2
3;Thea;w;2
3;Carl;m;2
3;Theresa;w;2
3;Christian;m;2
3;Theresia;w;2
3;Finn;m;2
3;Franz;m;2
3;Gustav;m;2
3;James;m;2
3;Jan;m;2
3;Joel;m;2
3;Jonas;m;2
3;Julian;m;2
3;Leo;m;2
3;Luca;m;2
3;Minh;m;2
3;Philipp;m;2
3;Sebastian;m;2
3;Simon;m;2
3;Thomas;m;2
3;Valentin;m;2
3;Adele;w;1
3;Amalia;w;1
3;Annika;w;1
3;Arya;w;1
3;Ava;w;1
3;Ayla;w;1
3;Bella;w;1
3;Diana;w;1
3;Dina;w;1
3;Dua;w;1
3;Ela;w;1
3;Eliana;w;1
3;Elif;w;1
3;Esra;w;1
3;Felicitas;w;1
3;Freya;w;1
3;Jonna;w;1
3;Juli;w;1
3;Leona;w;1
3;Liah;w;1
3;Lilia;w;1
3;Lilly;w;1
3;Linda;w;1
3;Liv;w;1
3;Ammar;m;1
3;Livia;w;1
3;Ayman;m;1
3;Lorena;w;1
3;Azad;m;1
3;Lotte;w;1
3;Benno;m;1
3;Lou;w;1
3;Burak;m;1
3;Lya;w;1
3;Caspar;m;1
3;Magdalena;w;1
3;Elyas;m;1
3;Mariam;w;1
3;Frederik;m;1
3;Marta;w;1
3;Fynn;m;1
3;Matilda;w;1
3;Hannes;m;1
3;Melek;w;1
3;Henryk;m;1
3;Milena;w;1
3;Hugo;m;1
3;Neele;w;1
3;Ian;m;1
3;Nina;w;1
3;Ivan;m;1
3;Romy;w;1
3;Jacob;m;1
3;Rosalie;w;1
3;Jannis;m;1
3;Ruby;w;1
3;Jano;m;1
3;Salma;w;1
3;Jasper;m;1
3;Samira;w;1
3;Jayden;m;1
3;Svea;w;1
3;Jona;m;1
3;Thalia;w;1
3;Lennart;m;1
3;Veronika;w;1
3;Leonhard;m;1
3;Yasmin;w;1
3;Lias;m;1
3;Lion;m;1
3;Lionel;m;1
3;Mael;m;1
3;Malek;m;1
3;Manuel;m;1
3;Mathis;m;1
3;Matthis;m;1
3;Maxim;m;1
3;Mika;m;1
3;Miran;m;1
3;Musa;m;1
3;Nassim;m;1
3;Rayan;m;1
3;Robert;m;1
3;Sami;m;1
3;Sebastian;m;1
3;Thore;m;1
3;Tim;m;1
3;Yasin;m;1
3;Yigit;m;1
3;Zakaria;m;1
3;Ömer;m;1
2;Ahmed;m;3
2;Angel;w;3
2;Anton;m;3
2;Charlotte;w;3
2;Friedrich;m;3
2;Elisabeth;w;3
2;Johann;m;3
2;Hildegard;w;3
2;Luca;m;3
2;Monika;w;3
2;Manfred;m;3
2;Maria;m;3
2;Otto;m;3
2;Theodor;m;3
2;Wilhelm;m;3
2;Amalia;w;2
2;Amelie;w;2
2;Amine;w;2
2;Anne;w;2
2;Antonia;w;2
2;Aurelia;w;2
2;Carlotta;w;2
2;Christin;w;2
2;Christine;w;2
2;Claire;w;2
2;Cristina;w;2
2;Elise;w;2
2;Eva;w;2
2;Grace;w;2
2;Greta;w;2
2;Gülsüm;w;2
2;Abdullah;m;2
2;Henriette;w;2
2;Adrian;m;2
2;Ioana;w;2
2;Ahmed;m;2
2;Jana;w;2
2;Ali;m;2
2;Kaur;w;2
2;Anton;m;2
2;Lia;w;2
2;Bruno;m;2
2;Lina;w;2
2;Christoph;m;2
2;Lisa;w;2
2;Efe;m;2
2;Lou;w;2
2;Emin;m;2
2;Lynn;w;2
2;Erich;m;2
2;Malin;w;2
2;Fabian;m;2
2;Malou;w;2
2;Heinrich;m;2
2;Margarete;w;2
2;Issa;m;2
2;Marlen;w;2
2;Jano;m;2
2;Martina;w;2
2;Jasper;m;2
2;María;w;2
2;Jonathan;m;2
2;Mei;w;2
2;Kaspar;m;2
2;Mina;w;2
2;Klaus;m;2
2;Monika;w;2
2;Konrad;m;2
2;Nisa;w;2
2;Leon;m;2
2;Noelle;w;2
2;Levent;m;2
2;Nour;w;2
2;Levi;m;2
2;Paulina;w;2
2;Luka;m;2
2;Romy;w;2
2;Lukas;m;2
2;Sara;w;2
2;Magnus;m;2
2;Su;w;2
2;Manuel;m;2
2;Viktoria;w;2
2;Marius;m;2
2;Zoé;w;2
2;Markus;m;2
2;Marlon;m;2
2;Mattis;m;2
2;Max;m;2
2;Miguel;m;2
2;Osemudiamen;m;2
2;Oskar;m;2
2;Otto;m;2
2;Pierre;m;2
2;Rafael;m;2
2;Tobias;m;2
2;Uddin;m;2
2;Vincent;m;2
2;Wolfgang;m;2
2;Yusuf;m;2
2;Aaliyah;w;1
2;Abigail;w;1
2;Ada;w;1
2;Adea;w;1
2;Alara;w;1
2;Alba;w;1
2;Alexandra;w;1
2;Aleyna;w;1
2;Alina;w;1
2;Aliya;w;1
2;Almira;w;1
2;Amaya;w;1
2;Amilia;w;1
2;Amina;w;1
2;Ana;w;1
2;Anastasia;w;1
2;Anissa;w;1
2;Annalena;w;1
2;Annie;w;1
2;Aurelia;w;1
2;Ayat;w;1
2;Aylin;w;1
2;Azra;w;1
2;Abdul;m;1
2;Carla;w;1
2;Adin;m;1
2;Ceylin;w;1
2;Alessio;m;1
2;Chayenne;w;1
2;Alex;m;1
2;Clea;w;1
2;Amin;m;1
2;Dania;w;1
2;Aras;m;1
2;Eda;w;1
2;Arian;m;1
2;Edda;w;1
2;Ayaz;m;1
2;Elmedina;w;1
2;Bela;m;1
2;Elsa;w;1
2;Berat;m;1
2;Emilie;w;1
2;Berkay;m;1
2;Erva;w;1
2;Bruno;m;1
2;Eslem;w;1
2;Caleb;m;1
2;Esther;w;1
2;Christian;m;1
2;Evangeline;w;1
2;Constantin;m;1
2;Felia;w;1
2;Dante;m;1
2;Flora;w;1
2;Davin;m;1
2;Franziska;w;1
2;Dean;m;1
2;Hana;w;1
2;Devid;m;1
2;Helen;w;1
2;Dominik;m;1
2;Helene;w;1
2;Eddie;m;1
2;Henriette;w;1
2;Elijah;m;1
2;Hira;w;1
2;Emmanuel;m;1
2;Ilayda;w;1
2;Enno;m;1
2;Ina;w;1
2;Eray;m;1
2;Inaaya;w;1
2;Fabio;m;1
2;Isa;w;1
2;Filip;m;1
2;Jolie;w;1
2;Frederick;m;1
2;Juliana;w;1
2;Gustav;m;1
2;Kader;w;1
2;Hadi;m;1
2;Karla;w;1
2;Hendrik;m;1
2;Lana;w;1
2;Henrik;m;1
2;Leila;w;1
2;Idris;m;1
2;Leonora;w;1
2;Ilay;m;1
2;Leyla;w;1
2;Ilian;m;1
2;Liana;w;1
2;Ilja;m;1
2;Lily;w;1
2;Jad;m;1
2;Liyah;w;1
2;Jamal;m;1
2;Lua;w;1
2;Janne;m;1
2;Lucia;w;1
2;Jannes;m;1
2;Lynn;w;1
2;Jaron;m;1
2;Madita;w;1
2;Jiyan;m;1
2;Maia;w;1
2;Joel;m;1
2;Maila;w;1
2;Johan;m;1
2;Malia;w;1
2;Jon;m;1
2;Malou;w;1
2;Joscha;m;1
2;Mayla;w;1
2;Josh;m;1
2;Melisa;w;1
2;Juan;m;1
2;Melissa;w;1
2;Kalle;m;1
2;Melody;w;1
2;Karam;m;1
2;Milla;w;1
2;Klaas;m;1
2;Narin;w;1
2;Konrad;m;1
2;Nayla;w;1
2;Kuzey;m;1
2;Nia;w;1
2;Len;m;1
2;Paulina;w;1
2;Lewin;m;1
2;Philippa;w;1
2;Lian;m;1
2;Rania;w;1
2;Ludwig;m;1
2;Ria;w;1
2;Maarten;m;1
2;Safia;w;1
2;Magnus;m;1
2;Selma;w;1
2;Maksim;m;1
2;Sena;w;1
2;Malik;m;1
2;Sofia;w;1
2;Marlo;m;1
2;Talia;w;1
2;Marlon;m;1
2;Vivienne;w;1
2;Martin;m;1
2;Zeynep;w;1
2;Mert;m;1
2;Muhammad;m;1
2;Muhammed;m;1
2;Nael;m;1
2;Niclas;m;1
2;Nino;m;1
2;Oliver;m;1
2;Omar;m;1
2;Pepe;m;1
2;Phileas;m;1
2;Piet;m;1
2;Raman;m;1
2;Renas;m;1
2;Robin;m;1
2;Selim;m;1
2;Sergio;m;1
2;Seyed;m;1
2;Silas;m;1
2;Stephan;m;1
2;Tammo;m;1
2;Thomas;m;1
2;Tiago;m;1
2;Viktor;m;1
2;William;m;1
2;Yann;m;1
2;Yousef;m;1
1;Veiga;m;6
1;Sigrid;w;6
1;Sal;m;5
1;Eleonore;w;5
1;Josefine;w;5
1;Abdellatif;m;4
1;Agnes;w;4
1;Emmerich;m;4
1;Aurora;w;4
1;Gaber;m;4
1;Gaber;w;4
1;Olajuwon;m;4
1;Helene;w;4
1;Samuel;m;4
1;Oshagbemi;w;4
1;Abdelhassibe;w;3
1;Adjoa;w;3
1;Agnes;w;3
1;Angela;w;3
1;Anna;w;3
1;Albrecht;m;3
1;Azeezat;w;3
1;Alexander;m;3
1;Basheer;w;3
1;Ali;m;3
1;Catharina;w;3
1;Anthon;m;3
1;Christine;w;3
1;Aurélien;m;3
1;Clara;w;3
1;Austin;m;3
1;Ebube;w;3
1;Bahgat;m;3
1;Elaine;w;3
1;Chidiebube;m;3
1;Elena;w;3
1;Christian;m;3
1;Fatma;w;3
1;Clemens;m;3
1;Gertrud;w;3
1;Dieter;m;3
1;gizi;w;3
1;Elijah;m;3
1;Gudrun;w;3
1;Erhard;m;3
1;Hany;w;3
1;Eugen;m;3
1;Irene;w;3
1;Fabian;m;3
1;Isabella;w;3
1;Franz;m;3
1;Jack;w;3
1;Fresco;m;3
1;Jane;w;3
1;Gabriel;m;3
1;Janina;w;3
1;Gerd;m;3
1;Josephine;w;3
1;Gospel;m;3
1;Katja;w;3
1;Hany;m;3
1;Klarah;w;3
1;Heinrich;m;3
1;Kushina;w;3
1;Henri;m;3
1;Lillith;w;3
1;Herbert;m;3
1;Liora;w;3
1;Hoa;m;3
1;Luise;w;3
1;Hossein;m;3
1;Malin;w;3
1;Hubert;m;3
1;Manuela;w;3
1;Jacob;m;3
1;Maria;w;3
1;Jovin;m;3
1;Michaela;w;3
1;Jürgen;m;3
1;Michèle;w;3
1;Kalle;m;3
1;Mohammad;w;3
1;Kaspar;m;3
1;Muderat;w;3
1;Keyan;m;3
1;Myriam;w;3
1;Khalid;m;3
1;Nikola;w;3
1;Knut;m;3
1;Nnenna;w;3
1;Linus;m;3
1;Nora;w;3
1;Lomé;m;3
1;Osatohanmwen;w;3
1;Louis;m;3
1;Petra;w;3
1;Luan;m;3
1;qizi;w;3
1;Magnus;m;3
1;Roya;w;3
1;Mahir;m;3
1;Stella;w;3
1;Martin;m;3
1;Stéphanie;w;3
1;Maximilian;m;3
1;Su;w;3
1;Michael;m;3
1;Sulaiman;w;3
1;Mikail;m;3
1;Victoria;w;3
1;Najeeb;m;3
1;Viktoria;w;3
1;Neo;m;3
1;Viktorivna;w;3
1;Ntikala;m;3
1;Wendy;w;3
1;Oluwarotimi;m;3
1;Wilma;w;3
1;Paul;m;3
1;Zebediah;w;3
1;Paško;m;3
1;Raekasin;m;3
1;Rayn;m;3
1;Richard;m;3
1;Robert;m;3
1;Ross;m;3
1;Rudi;m;3
1;Samuel;m;3
1;Shalom;m;3
1;Simon;m;3
1;Tamao;m;3
1;Tiwatope;m;3
1;Waldemar;m;3
1;Yasin;m;3
1;Yousry;m;3
1;Abdinasir;w;2
1;Ada;w;2
1;Adam;w;2
1;Adama;w;2
1;Adelina;w;2
1;Adzhmalevna;w;2
1;Aida;w;2
1;Aissata;w;2
1;Aleah;w;2
1;Alexandra;w;2
1;Ali;w;2
1;Alina;w;2
1;Alischka;w;2
1;Aliyah;w;2
1;Alma;w;2
1;Aadel;m;2
1;Alwine;w;2
1;Aaron;m;2
1;Amalie;w;2
1;Abdoulaye;m;2
1;Amanda;w;2
1;Abdulmalik;m;2
1;Amara;w;2
1;Abdulrahman;m;2
1;Amelia;w;2
1;Abiodun;m;2
1;Amira;w;2
1;Adam;m;2
1;Ana;w;2
1;Ademide;m;2
1;Anatolieva;w;2
1;Agyenim;m;2
1;Andrea;w;2
1;Ahmet;m;2
1;Angelova;w;2
1;Akito;m;2
1;Anh;w;2
1;Albert;m;2
1;Anissa;w;2
1;Aleksander;m;2
1;Anjum;w;2
1;Alekseevič;m;2
1;Annabel;w;2
1;Alexandrovič;m;2
1;Annekatrin;w;2
1;Alfred;m;2
1;Annemarie;w;2
1;Aljoscha;m;2
1;Antje;w;2
1;Allegro;m;2
1;Ariane;w;2
1;Alp;m;2
1;Arife;w;2
1;Amenuveve;m;2
1;Arlinde;w;2
1;Amilio;m;2
1;Arsalievna;w;2
1;Amir;m;2
1;Asadeh;w;2
1;Andrei;m;2
1;Astrid;w;2
1;Andrew;m;2
1;Ava;w;2
1;Andy;m;2
1;Avalokiteshvara;w;2
1;Araz;m;2
1;Ayla;w;2
1;Arnold;m;2
1;Aylin;w;2
1;Artin;m;2
1;Ayza;w;2
1;Arturo;m;2
1;Ayşe;w;2
1;Asenov;m;2
1;Bea;w;2
1;Asies;m;2
1;Benita;w;2
1;Aslan;m;2
1;bent;w;2
1;Athwal;m;2
1;Beritan;w;2
1;Augustin;m;2
1;Bernadette;w;2
1;Aurelius;m;2
1;Bharadwaj;w;2
1;Aybars;m;2
1;Bint;w;2
1;Ayhan;m;2
1;Bisade;w;2
1;Ayobami;m;2
1;Blessed;w;2
1;Bach;m;2
1;Bo;w;2
1;Baran;m;2
1;Bohan;w;2
1;Baris;m;2
1;Britta;w;2
1;Bastian;m;2
1;Carina;w;2
1;Bengt;m;2
1;Carla;w;2
1;Bennett;m;2
1;Carolina;w;2
1;Bob;m;2
1;Caroline;w;2
1;Bryan;m;2
1;Cataleya;w;2
1;Carlos;m;2
1;Caterina;w;2
1;Carsten;m;2
1;Catharina;w;2
1;Charles;m;2
1;Celia;w;2
1;Charlie;m;2
1;Celina;w;2
1;Che;m;2
1;Celine;w;2
1;Christo;m;2
1;Charlotta;w;2
1;Conner;m;2
1;Cheyenne;w;2
1;Constantin;m;2
1;Chiazalam;w;2
1;Cornel;m;2
1;Chiemena;w;2
1;Damon;m;2
1;Christa;w;2
1;Daniel;m;2
1;Christina;w;2
1;Danyal;m;2
1;Cornelia;w;2
1;Demetrios;m;2
1;Corvina;w;2
1;Denisovič;m;2
1;Damelys;w;2
1;Devrim;m;2
1;Danika;w;2
1;Dewran;m;2
1;Delila;w;2
1;Dilyanov;m;2
1;Dianova;w;2
1;Dion;m;2
1;Diaraye;w;2
1;Dominik;m;2
1;Dila;w;2
1;Dominion;m;2
1;Diệp;w;2
1;Dylan;m;2
1;Dominique;w;2
1;Egon;m;2
1;Duan;w;2
1;Eladio;m;2
1;Duhanur;w;2
1;Elia;m;2
1;Ebrar;w;2
1;Eliah;m;2
1;Edith;w;2
1;Elian;m;2
1;Ehimwenma;w;2
1;Elijah;m;2
1;Eleni;w;2
1;Elouan;m;2
1;Eleonora;w;2
1;Emir;m;2
1;Eleysa;w;2
1;Emmanuel;m;2
1;Elfi;w;2
1;Engelbert;m;2
1;Elice;w;2
1;Enoh;m;2
1;Elies;w;2
1;Ephraim;m;2
1;Elis;w;2
1;Erden;m;2
1;Elli;w;2
1;Eren;m;2
1;Emilie;w;2
1;Eric;m;2
1;Emilova;w;2
1;Erik;m;2
1;Ena;w;2
1;Erwin;m;2
1;Enie;w;2
1;Etinosa;m;2
1;Evelin;w;2
1;Evren;m;2
1;Evelyn;w;2
1;Eymen;m;2
1;Evrim;w;2
1;Fabrizio;m;2
1;Fabienne;w;2
1;Fahrettin;m;2
1;Faithful;w;2
1;Faruk;m;2
1;Felicitas;w;2
1;Feyyaz;m;2
1;Femke;w;2
1;Fiodor;m;2
1;Fida;w;2
1;Franek;m;2
1;Fidelia;w;2
1;Frederick;m;2
1;Finja;w;2
1;Frederik;m;2
1;Florence;w;2
1;Fritz;m;2
1;Frida;w;2
1;Frédéric;m;2
1;Fuad;w;2
1;Gari;m;2
1;Gabriela;w;2
1;Gerd;m;2
1;Gabriella;w;2
1;Gerhard;m;2
1;Gerritje;w;2
1;Giuliano;m;2
1;Giuseppina;w;2
1;Glen;m;2
1;Glory;w;2
1;Goran;m;2
1;Gracie;w;2
1;Grischa;m;2
1;Gülfer;w;2
1;Gustaf;m;2
1;Halina;w;2
1;Günter;m;2
1;Hazan;w;2
1;Halil;m;2
1;Hedwig;w;2
1;Hamid;m;2
1;Helen;w;2
1;Hamza;m;2
1;Helena;w;2
1;Hannes;m;2
1;Henni;w;2
1;Hasan;m;2
1;Hristova;w;2
1;Helmut;m;2
1;Hélène;w;2
1;Henrik;m;2
1;Ines;w;2
1;Herbert;m;2
1;Inge;w;2
1;Hermann;m;2
1;Isabel;w;2
1;Hidde;m;2
1;Isabelle;w;2
1;Hubertus;m;2
1;Ivana;w;2
1;Hugo;m;2
1;Iwona;w;2
1;İbrahim;m;2
1;Jane;w;2
1;Idris;m;2
1;Jasinta;w;2
1;Ignacio;m;2
1;Jewgenia;w;2
1;Ilay;m;2
1;Joanna;w;2
1;Ilias;m;2
1;Jolie;w;2
1;Ilyas;m;2
1;Jordana;w;2
1;Ionuț;m;2
1;Josefa;w;2
1;Iremide;m;2
1;Josefina;w;2
1;Ismail;m;2
1;Joyce;w;2
1;Iven;m;2
1;Joycelyn;w;2
1;Izhaan;m;2
1;Julia;w;2
1;Jaap;m;2
1;Juliane;w;2
1;Jaaron;m;2
1;Julie;w;2
1;Jacob;m;2
1;Juna;w;2
1;Jamiro;m;2
1;Kalea;w;2
1;Jaromir;m;2
1;Karen;w;2
1;Jason;m;2
1;Karlotta;w;2
1;Jelle;m;2
1;Kataleah;w;2
1;Jeremiah;m;2
1;Kathleen;w;2
1;Jerome;m;2
1;Katrin;w;2
1;Jiyan;m;2
1;Katrina;w;2
1;Joan;m;2
1;Keltoum;w;2
1;Jochen;m;2
1;Khasanovna;w;2
1;Jona;m;2
1;Kim;w;2
1;Jonah;m;2
1;Kine;w;2
1;Jonnas;m;2
1;Klara;w;2
1;Joseph;m;2
1;Kristiane;w;2
1;Josh;m;2
1;Lakshmi;w;2
1;Joshua;m;2
1;Lanie;w;2
1;Josua;m;2
1;Lanumi;w;2
1;Jurre;m;2
1;Lara;w;2
1;Jörg;m;2
1;Laurina;w;2
1;Kaan;m;2
1;Lea;w;2
1;Kader;m;2
1;Leandra;w;2
1;Kaleo;m;2
1;Lena;w;2
1;Kalle;m;2
1;Lenie;w;2
1;Kaloyanev;m;2
1;Leona;w;2
1;Karen;m;2
1;Leonie;w;2
1;Karol;m;2
1;Lili;w;2
1;Kasimir;m;2
1;Lilli;w;2
1;Kaunda;m;2
1;Linda;w;2
1;Kawina;m;2
1;Linne;w;2
1;Khabib;m;2
1;Lioba;w;2
1;Kian;m;2
1;Liya;w;2
1;Kjell;m;2
1;Ljubica;w;2
1;Kornelius;m;2
1;Llinos;w;2
1;Kremenov;m;2
1;Lois;w;2
1;Kubilayhan;m;2
1;Lore;w;2
1;Kwame;m;2
1;Loreley;w;2
1;Kweh;m;2
1;Lotta;w;2
1;Lars;m;2
1;Louis;w;2
1;Laszlo;m;2
1;Luca;w;2
1;Laurens;m;2
1;Lucie;w;2
1;Laurin;m;2
1;Lumi;w;2
1;Leandre;m;2
1;Madeleine;w;2
1;Leendert;m;2
1;Magalie;w;2
1;Lenn;m;2
1;Magdalene;w;2
1;Lennox;m;2
1;Maia;w;2
1;Leno;m;2
1;Malaika;w;2
1;Leopold;m;2
1;Malika;w;2
1;Levin;m;2
1;Mara;w;2
1;Lewin;m;2
1;Margareta;w;2
1;Liam;m;2
1;Margaretha;w;2
1;Lian;m;2
1;Margo;w;2
1;Long;m;2
1;Marianeva;w;2
1;Lovis;m;2
1;Marianna;w;2
1;Lucas;m;2
1;Marianova;w;2
1;Ludwig;m;2
1;Marit;w;2
1;Luis;m;2
1;Mary;w;2
1;Luke;m;2
1;Mathilde;w;2
1;Lúc;m;2
1;Matilda;w;2
1;Mael;m;2
1;Maya;w;2
1;Maithreya;m;2
1;Melania;w;2
1;Marcel;m;2
1;Meldina;w;2
1;Marian;m;2
1;Melina;w;2
1;Mario;m;2
1;Merja;w;2
1;Marvin;m;2
1;Merveille;w;2
1;Mateo;m;2
1;Mey;w;2
1;Mateusz;m;2
1;Michaela;w;2
1;Mathis;m;2
1;Mieke;w;2
1;Mats;m;2
1;Mila;w;2
1;Matteo;m;2
1;Milena;w;2
1;Matthew;m;2
1;Milenova;w;2
1;Matthäus;m;2
1;Milosija;w;2
1;Maté;m;2
1;Minane;w;2
1;Melik;m;2
1;Mira;w;2
1;Menelik;m;2
1;Mitony;w;2
1;Mensi;m;2
1;Moira;w;2
1;Merlin;m;2
1;Morgana;w;2
1;Mesut;m;2
1;Naehima;w;2
1;Mihai;m;2
1;Naila;w;2
1;Milan;m;2
1;Nami;w;2
1;Milow;m;2
1;Naomi;w;2
1;Mingzhe;m;2
1;Natália;w;2
1;Mino;m;2
1;Naz;w;2
1;Minou;m;2
1;Nazarìvna;w;2
1;Mohamed;m;2
1;Nebahat;w;2
1;Mohammad;m;2
1;Nike;w;2
1;Mona;m;2
1;Nikolaeva;w;2
1;Mustafa;m;2
1;Nora;w;2
1;Nadiakhe;m;2
1;Nsona;w;2
1;Nelio;m;2
1;Nuria;w;2
1;Niklas;m;2
1;Oghosa;w;2
1;Nikolas;m;2
1;Oluwalajo;w;2
1;Nikolay;m;2
1;Osaosemwen;w;2
1;Nima;m;2
1;Paulin;w;2
1;Norbert;m;2
1;Petra;w;2
1;Norman;m;2
1;Philippa;w;2
1;Noé;m;2
1;Priya;w;2
1;O'Brian;m;2
1;Rahil;w;2
1;Oluwamayowa;m;2
1;Rania;w;2
1;Onno;m;2
1;Regine;w;2
1;Osasu;m;2
1;Reinhild;w;2
1;Osazele;m;2
1;Reyhan;w;2
1;Osazemen;m;2
1;Ritnen;w;2
1;Osman;m;2
1;Rohan;w;2
1;Oğulcan;m;2
1;Rosi;w;2
1;Page;m;2
1;Rosé;w;2
1;Paweł;m;2
1;Runa;w;2
1;Pedro;m;2
1;Ruth;w;2
1;Peters;m;2
1;Sabine;w;2
1;Peyman;m;2
1;Saho;w;2
1;Philippe;m;2
1;Salomé;w;2
1;Philo;m;2
1;Samantha;w;2
1;Phoenix;m;2
1;Samira;w;2
1;Quinn;m;2
1;Sandrine;w;2
1;Ramadan;m;2
1;Serafine;w;2
1;Ramiz;m;2
1;Shania;w;2
1;Rawa;m;2
1;Shirin;w;2
1;Reza;m;2
1;Siiri;w;2
1;Richard;m;2
1;Silvia;w;2
1;Robert;m;2
1;Sima;w;2
1;Rocco;m;2
1;Skadi;w;2
1;Rolf;m;2
1;Sofía;w;2
1;Roman;m;2
1;Soley;w;2
1;Rosenov;m;2
1;Solomon;w;2
1;Rudolf;m;2
1;Sultan;w;2
1;Safa;m;2
1;Susanne;w;2
1;Sage;m;2
1;Taher;w;2
1;Salman;m;2
1;Talia;w;2
1;Samson;m;2
1;Tamina;w;2
1;Sargis;m;2
1;Teresa;w;2
1;Schuldiner;m;2
1;Therese;w;2
1;Scott;m;2
1;Thora;w;2
1;Sejong;m;2
1;Thérèse;w;2
1;Serhat;m;2
1;Toluwanimi;w;2
1;Silas;m;2
1;Tove;w;2
1;Singh;m;2
1;Trinity;w;2
1;Slavchev;m;2
1;Ulrike;w;2
1;Solomon;m;2
1;Ursula;w;2
1;Stanislaw;m;2
1;Valentinova;w;2
1;Steffen;m;2
1;Valentinovna;w;2
1;Stephan-Sebastian;m;2
1;Velislava;w;2
1;Stig;m;2
1;Victoria;w;2
1;Stoyanov;m;2
1;Vika;w;2
1;Suay;m;2
1;Vina;w;2
1;Success;m;2
1;Vladislavovna;w;2
1;Swabuur;m;2
1;Xenia;w;2
1;Tadeus;m;2
1;Yaneva;w;2
1;Taher;m;2
1;Yasemin;w;2
1;Tahir;m;2
1;Ylenia;w;2
1;Tariq;m;2
1;Zaya;w;2
1;Taylor;m;2
1;Zeyad;w;2
1;Tedros;m;2
1;Zoe;w;2
1;Temi;m;2
1;Zyneb;w;2
1;Temujin;m;2
1;Öznur;w;2
1;Terrell;m;2
1;Thadeus;m;2
1;Theo;m;2
1;Thibaud;m;2
1;Théophile;m;2
1;Till;m;2
1;Torben;m;2
1;Ulrich;m;2
1;Umut;m;2
1;Veselinov;m;2
1;Viktor;m;2
1;Vinh;m;2
1;Waldemar;m;2
1;Walid;m;2
1;Wang;m;2
1;Werner;m;2
1;Wiktor;m;2
1;Wilfried;m;2
1;Witold;m;2
1;Xaver;m;2
1;Yagiz;m;2
1;Yago;m;2
1;Yahya;m;2
1;Yakub;m;2
1;Yaseen;m;2
1;Yuvesh;m;2
1;Zeyimo;m;2
1;Zino;m;2
1;Éloi;m;2
1;Şahin;m;2
1;Aaliyah-Victoria;w;1
1;Abeeha;w;1
1;Acacia;w;1
1;Adaobi;w;1
1;Adelina;w;1
1;Adeline;w;1
1;Aditi;w;1
1;Adna;w;1
1;Adora;w;1
1;Adriana;w;1
1;Agatha;w;1
1;Aida;w;1
1;Aimee;w;1
1;Aimie;w;1
1;Ajla;w;1
1;Ajna;w;1
1;Alea;w;1
1;Alejna;w;1
1;Aleksandra;w;1
1;Alessa;w;1
1;Alessandra;w;1
1;Alicia;w;1
1;Alin;w;1
1;Aliya-Sophie;w;1
1;Alyssa;w;1
1;Amanda;w;1
1;Aadhav;m;1
1;Amara;w;1
1;Aazan;m;1
1;Ambika;w;1
1;Abdelrahman;m;1
1;Ameera;w;1
1;Abdulgafar;m;1
1;Amela;w;1
1;Abdullah;m;1
1;Amely;w;1
1;Abdurrahman;m;1
1;Amicia;w;1
1;Achraf;m;1
1;Amine-Gülçin;w;1
1;Adnan;m;1
1;Amirat;w;1
1;Adrián;m;1
1;Amiza;w;1
1;Affan;m;1
1;Amy;w;1
1;Aggelos;m;1
1;Amélia;w;1
1;Aghemenlo;m;1
1;Amélie;w;1
1;Agri;m;1
1;Andrada-Elena;w;1
1;Ahad;m;1
1;Andrea;w;1
1;Ahmet;m;1
1;Angelina;w;1
1;Ajan;m;1
1;Aniek;w;1
1;Albert;m;1
1;Annabell;w;1
1;Aleksandar;m;1
1;Anneli;w;1
1;Aleksander;m;1
1;Annelie;w;1
1;Alexandre-Carlos;m;1
1;Annemarie;w;1
1;Alharith;m;1
1;Anni;w;1
1;Alois;m;1
1;Anointed;w;1
1;Alp;m;1
1;Anvika;w;1
1;Alparslan;m;1
1;Arantzazu;w;1
1;Alvin;m;1
1;Aria;w;1
1;Amadou;m;1
1;Ariana;w;1
1;Anand;m;1
1;Arin;w;1
1;Anandveer;m;1
1;Arjona;w;1
1;Andrej;m;1
1;Aryah;w;1
1;Andy;m;1
1;Ascia;w;1
1;Anik;m;1
1;Aseel;w;1
1;Anil;m;1
1;Asia;w;1
1;Anis-Hicham;m;1
1;Asil;w;1
1;Antonio;m;1
1;Asiya;w;1
1;António;m;1
1;Asja;w;1
1;Anuar;m;1
1;Asmaa;w;1
1;Aram;m;1
1;Asmin;w;1
1;Arandu;m;1
1;Assal;w;1
1;Ardonis;m;1
1;Assia;w;1
1;Arel;m;1
1;Atarah-Otoijamun;w;1
1;Ares;m;1
1;Augusta;w;1
1;Ari;m;1
1;Aurora;w;1
1;Aria;m;1
1;Avinoor;w;1
1;Arias;m;1
1;Aya;w;1
1;Aristarco;m;1
1;Bahar;w;1
1;Ariyan;m;1
1;Batul;w;1
1;Aron;m;1
1;Bea;w;1
1;Arthur-Fadi;m;1
1;Believe-Belinda;w;1
1;Arvid;m;1
1;Belinay;w;1
1;Aryan;m;1
1;Beren;w;1
1;Asier;m;1
1;Berfin;w;1
1;August;m;1
1;Berina;w;1
1;Augustin;m;1
1;Betül;w;1
1;Austin;m;1
1;Bleona;w;1
1;Avand;m;1
1;Bobbie;w;1
1;Ayas;m;1
1;Buna;w;1
1;Aymen;m;1
1;Büsra;w;1
1;Ayoub;m;1
1;Camille;w;1
1;Azer;m;1
1;Cara;w;1
1;Baghira;m;1
1;Carina;w;1
1;Baldur;m;1
1;Cecilia;w;1
1;Bao;m;1
1;Charlie;w;1
1;Baran;m;1
1;Chelvina;w;1
1;Bastian-Manuel;m;1
1;Cheyenne;w;1
1;Baz;m;1
1;Chidera;w;1
1;Bedirhan;m;1
1;Christina;w;1
1;Bejtullah;m;1
1;Cleo;w;1
1;Benedikt;m;1
1;Clotilde;w;1
1;Bennett;m;1
1;Coco;w;1
1;Benyamin;m;1
1;Cora;w;1
1;Bernd;m;1
1;Corinna;w;1
1;Berthold;m;1
1;Cynthia;w;1
1;Beşir;m;1
1;Daliah;w;1
1;Bijan;m;1
1;Dalya;w;1
1;Bjarne;m;1
1;Damaris;w;1
1;Björn;m;1
1;Dana;w;1
1;Bochen;m;1
1;Daniela;w;1
1;Bogdan;m;1
1;Daniella;w;1
1;Bosse;m;1
1;Daniya;w;1
1;Brian;m;1
1;Daphni;w;1
1;Can;m;1
1;Daria;w;1
1;Caner;m;1
1;Davina;w;1
1;Casper;m;1
1;Deniz;w;1
1;Chibuike;m;1
1;Deren;w;1
1;Christopher;m;1
1;Derya;w;1
1;Cian;m;1
1;Desideria;w;1
1;Cihangir;m;1
1;Destiny;w;1
1;Clemens;m;1
1;Dila;w;1
1;Coen;m;1
1;Dilan;w;1
1;Colin;m;1
1;Dilara;w;1
1;Connor;m;1
1;Dilaya;w;1
1;Corvo;m;1
1;Dilsa;w;1
1;Cristiano;m;1
1;Djamila;w;1
1;Cumali;m;1
1;Dlin;w;1
1;Daimon;m;1
1;Dunja;w;1
1;Dalmat;m;1
1;Ebba;w;1
1;Danijal;m;1
1;Eflin;w;1
1;Danyo;m;1
1;Elaiza;w;1
1;Dario;m;1
1;Elana;w;1
1;Darius;m;1
1;Elanur;w;1
1;Davud;m;1
1;Elayna;w;1
1;Deamon;m;1
1;Elea;w;1
1;Demir;m;1
1;Eleanna;w;1
1;Denis-Ştefan;m;1
1;Elen;w;1
1;Derian;m;1
1;Eleonore;w;1
1;Deryan;m;1
1;Eliana-Sophie;w;1
1;Destiny;m;1
1;Elianna;w;1
1;Devîn;m;1
1;Elianne;w;1
1;Diamond;m;1
1;Elinja;w;1
1;Diar;m;1
1;Elisa-Sophie;w;1
1;Diego;m;1
1;Elisabeta;w;1
1;Diegó;m;1
1;Elisabeth-Naarin;w;1
1;Dijar;m;1
1;Elise;w;1
1;Dimitrije;m;1
1;Elissa;w;1
1;Diya-Santino;m;1
1;Eliza;w;1
1;Dyan;m;1
1;Elizabeth;w;1
1;Dylan;m;1
1;Elja;w;1
1;Ebu-Bekir;m;1
1;Eljesa;w;1
1;Edgar;m;1
1;Ellen;w;1
1;Ediz;m;1
1;Elli;w;1
1;Edriss;m;1
1;Elya;w;1
1;Eduard;m;1
1;Emelie;w;1
1;Edwin;m;1
1;Emely;w;1
1;Ege;m;1
1;Emilija;w;1
1;Egon;m;1
1;Emma-Mathilda;w;1
1;Eldar;m;1
1;Emmi;w;1
1;Eldin;m;1
1;Enesa;w;1
1;Elhadj;m;1
1;Enie;w;1
1;Elia;m;1
1;Enna;w;1
1;Eliano;m;1
1;Enya;w;1
1;Elicio;m;1
1;Erika;w;1
1;Elion;m;1
1;Erilyn;w;1
1;Eljan;m;1
1;Esha;w;1
1;Elouan;m;1
1;Eshima;w;1
1;Elyesa;m;1
1;Esila;w;1
1;Emanuel;m;1
1;Esma;w;1
1;Emilian;m;1
1;Eva-Maria;w;1
1;Emilio;m;1
1;Evangelia;w;1
1;Emiliyan;m;1
1;Evelia;w;1
1;Emiljano;m;1
1;Eylül;w;1
1;Emirhan;m;1
1;Fabiola;w;1
1;Emre;m;1
1;Fatima;w;1
1;Enes;m;1
1;Fatma;w;1
1;Enjo;m;1
1;Fatou;w;1
1;Ephraim;m;1
1;Fatoumata;w;1
1;Eric-Cristian;m;1
1;Faye;w;1
1;Erim;m;1
1;Felina;w;1
1;Erolcan;m;1
1;Feline;w;1
1;Ertuğrul;m;1
1;Fenja;w;1
1;Euaggelos;m;1
1;Filippa;w;1
1;Eymen;m;1
1;Fine;w;1
1;Fatih;m;1
1;Finya;w;1
1;Fatlum;m;1
1;Fleur;w;1
1;Felipe;m;1
1;Florentine;w;1
1;Fiete;m;1
1;Floriana;w;1
1;Filippo;m;1
1;Foutoun;w;1
1;Fillip;m;1
1;Franka;w;1
1;Firas;m;1
1;Freyja;w;1
1;Fitz;m;1
1;Fritzi;w;1
1;Fleurie-Prince;m;1
1;Ghazal;w;1
1;Flinn;m;1
1;Gita;w;1
1;Floris;m;1
1;Goldie;w;1
1;Franz;m;1
1;Grace;w;1
1;Georg;m;1
1;Gwendolin;w;1
1;George;m;1
1;Hadja;w;1
1;Gereon;m;1
1;Hailie-Amelie;w;1
1;German;m;1
1;Hanaa;w;1
1;Gero;m;1
1;Hanifa;w;1
1;Ghaith;m;1
1;Hareem;w;1
1;Gian;m;1
1;Hariniga;w;1
1;Gino;m;1
1;Harnoor;w;1
1;Giuliano;m;1
1;Heba;w;1
1;Godswill;m;1
1;Heli;w;1
1;Gregor;m;1
1;Hella;w;1
1;Halil;m;1
1;Hiba;w;1
1;Hamid;m;1
1;Hidaya;w;1
1;Hannibal;m;1
1;Hilda;w;1
1;Hannu;m;1
1;Hilla;w;1
1;Hans;m;1
1;Hiranur;w;1
1;Haoyu;m;1
1;Hrisiana;w;1
1;Haroun;m;1
1;İlara;w;1
1;Hassan;m;1
1;Iliena;w;1
1;Hayden;m;1
1;Ilona;w;1
1;Hektor;m;1
1;Insa;w;1
1;Henos;m;1
1;Ioanna;w;1
1;Henry-Felix;m;1
1;Ira;w;1
1;Hewidar;m;1
1;Isabel;w;1
1;Hijab;m;1
1;Isabell;w;1
1;Hilal;m;1
1;Isabelle;w;1
1;Hussain;m;1
1;Isra;w;1
1;Hussein;m;1
1;Jaane;w;1
1;Hyeon;m;1
1;Jagoda;w;1
1;Ibrahim;m;1
1;Jahra;w;1
1;Ikhlas;m;1
1;Jaime;w;1
1;Ilan;m;1
1;Jane;w;1
1;Ilias;m;1
1;Jannah;w;1
1;Iliyaz;m;1
1;Janne;w;1
1;Illhan;m;1
1;Janneke;w;1
1;Ilya;m;1
1;Janvi;w;1
1;Ilyas;m;1
1;Jara;w;1
1;Iosif;m;1
1;Jeana;w;1
1;Ishmam;m;1
1;Jeanice;w;1
1;Issa;m;1
1;Jekaterina;w;1
1;Ivar;m;1
1;Jelena;w;1
1;Iza;m;1
1;Jella;w;1
1;Izaan;m;1
1;Jennifer;w;1
1;Jabir;m;1
1;Jette;w;1
1;Jakim;m;1
1;Jinxin;w;1
1;James;m;1
1;Joana;w;1
1;Jamian;m;1
1;Joanna;w;1
1;Janez;m;1
1;Johanne;w;1
1;Janno;m;1
1;Joia;w;1
1;Janosh;m;1
1;Jola;w;1
1;Janyar;m;1
1;Joleen;w;1
1;Jari;m;1
1;Jolina;w;1
1;Jarle;m;1
1;Jona;w;1
1;Jaro;m;1
1;Joséphine;w;1
1;Jarrel;m;1
1;Joudia;w;1
1;Jasin;m;1
1;Jovana;w;1
1;Jayce;m;1
1;Judith;w;1
1;Jayson;m;1
1;Judy;w;1
1;Jeffrey;m;1
1;Juliane;w;1
1;Jehja;m;1
1;Julie;w;1
1;Jenke;m;1
1;Julisilver;w;1
1;Jeppe;m;1
1;Julka;w;1
1;Jeremia;m;1
1;Julyn;w;1
1;Jesse;m;1
1;Junya;w;1
1;Jessin;m;1
1;Kaia;w;1
1;Jidenna;m;1
1;Kaiko;w;1
1;Jihan;m;1
1;Kaja;w;1
1;Joachim;m;1
1;Karlotta;w;1
1;John;m;1
1;Katharina;w;1
1;Jolle;m;1
1;Kathy;w;1
1;Jonte;m;1
1;Kauthar;w;1
1;Jood;m;1
1;Kaya;w;1
1;Jordan;m;1
1;Kayra;w;1
1;Jorik;m;1
1;Kenar;w;1
1;Josef;m;1
1;Kerime;w;1
1;Joseph;m;1
1;Kiara;w;1
1;Josia;m;1
1;Kim;w;1
1;Josiah;m;1
1;Kimberly;w;1
1;Jovan;m;1
1;Kira;w;1
1;Julien-Daniel;m;1
1;Kornelia;w;1
1;Juri;m;1
1;Krisi;w;1
1;Jusef;m;1
1;Krystal;w;1
1;Justas;m;1
1;Ksenia;w;1
1;Jusuf;m;1
1;Lamis;w;1
1;Kai;m;1
1;Lara-Sophie;w;1
1;Kani;m;1
1;Laurence;w;1
1;Kanisorn;m;1
1;Laya;w;1
1;Karlo;m;1
1;Layal;w;1
1;Kasimir;m;1
1;Lea-Sophie;w;1
1;Kay;m;1
1;Leandra;w;1
1;Kayra;m;1
1;Leia;w;1
1;Kelvin;m;1
1;Lenea;w;1
1;Kemal;m;1
1;Lenja;w;1
1;Kenan-Milas;m;1
1;Leoni;w;1
1;Kendji;m;1
1;Leonor;w;1
1;Kenechukwu;m;1
1;Leto;w;1
1;Kenneth;m;1
1;Leya;w;1
1;Keno;m;1
1;Leyah;w;1
1;Kerem;m;1
1;Leylani;w;1
1;Kerim;m;1
1;Leïla;w;1
1;Kevin;m;1
1;Lia-Sophie;w;1
1;Keyan;m;1
1;Liara;w;1
1;Kian;m;1
1;Lida;w;1
1;Kimi;m;1
1;Lien;w;1
1;Kornel;m;1
1;Liese;w;1
1;Kristrofer;m;1
1;Lile;w;1
1;Kuno;m;1
1;Lilith;w;1
1;Kylian;m;1
1;Lillith;w;1
1;Lamin;m;1
1;Lin;w;1
1;Laron;m;1
1;Linea;w;1
1;Laurin;m;1
1;Linn;w;1
1;Lean;m;1
1;Linnea;w;1
1;Leandro;m;1
1;Liyana;w;1
1;Leano;m;1
1;Liz;w;1
1;Lee;m;1
1;Loane;w;1
1;Leif;m;1
1;Loki;w;1
1;Lennet;m;1
1;Lonne;w;1
1;Lenno;m;1
1;Lor;w;1
1;Lenny;m;1
1;Lottie;w;1
1;Leon-Carlo;m;1
1;Louana;w;1
1;Leonidas;m;1
1;Loujaina;w;1
1;Leopold;m;1
1;Luana;w;1
1;Levy;m;1
1;Lucie;w;1
1;Leys;m;1
1;Lucía;w;1
1;León;m;1
1;Luiza;w;1
1;Lian-Emilian;m;1
1;Maartje;w;1
1;Lijan;m;1
1;Madeleine;w;1
1;Livius;m;1
1;Magda;w;1
1;Liyan;m;1
1;Maha-Rahaf;w;1
1;Loic;m;1
1;Mahaliana;w;1
1;Loran;m;1
1;Mahja;w;1
1;Lorik;m;1
1;Mai;w;1
1;Louie;m;1
1;Maida;w;1
1;Louka;m;1
1;Maike;w;1
1;Luay;m;1
1;Maira;w;1
1;Luc;m;1
1;Maisie;w;1
1;Luciano;m;1
1;Maksima;w;1
1;Lui;m;1
1;Malea;w;1
1;Lunas;m;1
1;Malena;w;1
1;Luwawanu;m;1
1;Mali;w;1
1;Luzius;m;1
1;Malina;w;1
1;Léon;m;1
1;Mama;w;1
1;Mahmut;m;1
1;Manatia;w;1
1;Maik;m;1
1;Mandy;w;1
1;Maissam;m;1
1;Manessa;w;1
1;Majkel;m;1
1;Mara;w;1
1;Maksym;m;1
1;Maral;w;1
1;Malon;m;1
1;Margo;w;1
1;Marcel;m;1
1;Mariola;w;1
1;Marcell-Leeven;m;1
1;Marnie;w;1
1;Marco;m;1
1;Maroua;w;1
1;Mares;m;1
1;Marsa;w;1
1;Marian;m;1
1;Maryam;w;1
1;Mario;m;1
1;María;w;1
1;Marley;m;1
1;Mateea;w;1
1;Marwan;m;1
1;Mathea;w;1
1;Marwin;m;1
1;Maxima;w;1
1;Matei;m;1
1;Maylin;w;1
1;Mathieu;m;1
1;Mayssaa;w;1
1;Mathéo;m;1
1;Meiduo;w;1
1;Matin;m;1
1;Melanie;w;1
1;Mattes;m;1
1;Melis;w;1
1;Matthias;m;1
1;Meliya;w;1
1;Mauritz;m;1
1;Mena;w;1
1;Maxime;m;1
1;Mensing;w;1
1;Mehmed;m;1
1;Meriem;w;1
1;Mehtab;m;1
1;Meryem;w;1
1;Melwin;m;1
1;Mevlide;w;1
1;Merdan;m;1
1;Mevluda-Ramajla;w;1
1;Merthan;m;1
1;Mieke;w;1
1;Mete;m;1
1;Mike;w;1
1;Mete-Han;m;1
1;Milana;w;1
1;Mian;m;1
1;Mina-Nur;w;1
1;Michel;m;1
1;Minh;w;1
1;Mick;m;1
1;Minna;w;1
1;Mihailo;m;1
1;Mino;w;1
1;Mikael;m;1
1;Mira-Julie;w;1
1;Mikhail;m;1
1;Miral;w;1
1;Miko;m;1
1;Miranda;w;1
1;Milon;m;1
1;Miria;w;1
1;Minhas;m;1
1;Miriam;w;1
1;Mino;m;1
1;Mirja;w;1
1;Mio;m;1
1;Monika;w;1
1;Mirac;m;1
1;Monja;w;1
1;Mohamad;m;1
1;Moya;w;1
1;Mohamed;m;1
1;Najma;w;1
1;Molham;m;1
1;Nalia-Zoé;w;1
1;Monte;m;1
1;Namika;w;1
1;Muayid;m;1
1;Nana;w;1
1;Mumin;m;1
1;Nara;w;1
1;Munir;m;1
1;Narona;w;1
1;Munkhbilig;m;1
1;Nayola-Mikemu;w;1
1;Musab;m;1
1;Nelia;w;1
1;Muteam;m;1
1;Nelli;w;1
1;Nadan;m;1
1;Nesma;w;1
1;Nail;m;1
1;Ngọc;w;1
1;Nathan;m;1
1;Nicole;w;1
1;Nathaniel;m;1
1;Nila;w;1
1;Nathanyel-Michael;m;1
1;Nilay;w;1
1;Navid;m;1
1;Nisa;w;1
1;Nebi;m;1
1;Njomgang;w;1
1;Nebras;m;1
1;Noelia;w;1
1;Nedzad;m;1
1;Noemi;w;1
1;Neo;m;1
1;Noha;w;1
1;Nep;m;1
1;Nour;w;1
1;Neufel;m;1
1;Nova;w;1
1;Nhat;m;1
1;Nur;w;1
1;Nicklas;m;1
1;Oliwia;w;1
1;Nicky;m;1
1;Osaigbovo;w;1
1;Nicolai;m;1
1;Osayanriun;w;1
1;Niko;m;1
1;Oumnia;w;1
1;Nikodim;m;1
1;Pamela;w;1
1;Nikolaos;m;1
1;Patricia;w;1
1;Nimal;m;1
1;Pauline;w;1
1;Niyas;m;1
1;Payis;w;1
1;Noah-Omar;m;1
1;Perla;w;1
1;Noyan;m;1
1;Perlly;w;1
1;Nuh;m;1
1;Phila;w;1
1;Nurkan;m;1
1;Philia;w;1
1;Oguz;m;1
1;Polli;w;1
1;Olian;m;1
1;Polly;w;1
1;Oluwaseyi;m;1
1;Prudence;w;1
1;Orik;m;1
1;Radha;w;1
1;Othniel;m;1
1;Radost;w;1
1;Otto;m;1
1;Rahaf;w;1
1;Owen;m;1
1;Raisa;w;1
1;Oweyn;m;1
1;Raisha;w;1
1;Paeman;m;1
1;Raya;w;1
1;Pavlos;m;1
1;Rayana;w;1
1;Phil;m;1
1;Razal;w;1
1;Phillip;m;1
1;Regina;w;1
1;Pino;m;1
1;Reyna;w;1
1;Prosper;m;1
1;Ricarda;w;1
1;Qasim;m;1
1;Rika;w;1
1;Quelt;m;1
1;Riley;w;1
1;Quinn;m;1
1;Rima;w;1
1;Raed;m;1
1;Roliana;w;1
1;Raihan;m;1
1;Romi;w;1
1;Ramazi;m;1
1;Rona;w;1
1;Ramiz;m;1
1;Rosanna;w;1
1;Ramon;m;1
1;Roukaya;w;1
1;Rareș;m;1
1;Roza;w;1
1;Rasmus;m;1
1;Rukaya;w;1
1;Reik;m;1
1;Runa;w;1
1;René;m;1
1;Saliha;w;1
1;Reuven;m;1
1;Salome;w;1
1;Richard;m;1
1;Samantha;w;1
1;Riel;m;1
1;Sare;w;1
1;Rizan;m;1
1;Sargun;w;1
1;Rohaan;m;1
1;Scarlet;w;1
1;Rolf;m;1
1;Scarlett;w;1
1;Ronaldinho;m;1
1;Seba;w;1
1;Rues;m;1
1;Sela;w;1
1;Rune;m;1
1;Seldiana;w;1
1;Răzvan-Andrei;m;1
1;Selena;w;1
1;Saahib;m;1
1;Selin;w;1
1;Sadam;m;1
1;Selina;w;1
1;Sadeq;m;1
1;Semirat;w;1
1;Saleh;m;1
1;Shaha;w;1
1;Salih;m;1
1;Shahada;w;1
1;Salomon;m;1
1;Sham;w;1
1;Samil;m;1
1;Sidra;w;1
1;Samu;m;1
1;Sila;w;1
1;Samyel;m;1
1;Sina;w;1
1;Sandro;m;1
1;Skadi;w;1
1;Sarp;m;1
1;Smilla;w;1
1;Sascha;m;1
1;Sofya;w;1
1;Senaid;m;1
1;Solvej;w;1
1;Seshadri;m;1
1;Sonja;w;1
1;Seyann;m;1
1;Sophia-Jekaterina;w;1
1;Seyit;m;1
1;Souhaila;w;1
1;Shane;m;1
1;Stefania;w;1
1;Sharif;m;1
1;Stine;w;1
1;Silvan;m;1
1;Suela;w;1
1;Soa;m;1
1;Sulav;w;1
1;Srod;m;1
1;Sultan;w;1
1;Stefan;m;1
1;Sun-Ayleen;w;1
1;Sten;m;1
1;Surie;w;1
1;Stephen;m;1
1;Süheyla;w;1
1;Taavi;m;1
1;Tabahrk;w;1
1;Tadija;m;1
1;Tabea;w;1
1;Taem;m;1
1;Tal;w;1
1;Taha;m;1
1;Tala;w;1
1;Tahiel;m;1
1;Tale;w;1
1;Tajaron;m;1
1;Talvi;w;1
1;Tamay;m;1
1;Tamara;w;1
1;Tamo;m;1
1;Tamina;w;1
1;Tanay;m;1
1;Tanya;w;1
1;Taranis;m;1
1;Tara;w;1
1;Taylor;m;1
1;Tasnim;w;1
1;Taym;m;1
1;Taya;w;1
1;Temoor;m;1
1;Teresa;w;1
1;Teyler-Milan;m;1
1;Tessa;w;1
1;Theophilus;m;1
1;Theresa;w;1
1;Thornchanaphad;m;1
1;Therese;w;1
1;Thélio;m;1
1;Tiffany;w;1
1;Tian;m;1
1;Tiziana;w;1
1;Tilo;m;1
1;Tomme-Liina;w;1
1;Timotei;m;1
1;Torvie;w;1
1;Titus;m;1
1;Treasure;w;1
1;Touko;m;1
1;Tricia;w;1
1;Trim;m;1
1;Tuana;w;1
1;Tuna;m;1
1;Tuqa;w;1
1;Tyler;m;1
1;Umay;w;1
1;Tylor;m;1
1;Valea;w;1
1;Umut;m;1
1;Valena;w;1
1;Uraz;m;1
1;Valerie;w;1
1;Vico;m;1
1;Valeska;w;1
1;Vinzent;m;1
1;Vanessa;w;1
1;Vito;m;1
1;Viola;w;1
1;Vlad;m;1
1;Vivian;w;1
1;Walat;m;1
1;Walaa;w;1
1;Wilhelm;m;1
1;Wanda;w;1
1;Willem;m;1
1;Wibke;w;1
1;Willian;m;1
1;Wiebke;w;1
1;Wisdom;m;1
1;Willow;w;1
1;Yael;m;1
1;Wilma;w;1
1;Yahya;m;1
1;Winifred;w;1
1;Yakup;m;1
1;Xenia;w;1
1;Yanis;m;1
1;Yara;w;1
1;Yassin;m;1
1;Yasemin;w;1
1;Yazid;m;1
1;Ylva;w;1
1;Yoshua;m;1
1;Yuerou;w;1
1;Younes;m;1
1;Yuhan;w;1
1;Youness;m;1
1;Yuna;w;1
1;Younis;m;1
1;Zaynab;w;1
1;Yousuf;m;1
1;Zehra;w;1
1;Yujun;m;1
1;Zeliha;w;1
1;Yuri;m;1
1;Zeyneb;w;1
1;Zahir;m;1
1;Zhulieta;w;1
1;Zaid;m;1
1;Zienna;w;1
1;Zanyar;m;1
1;Zilan;w;1
1;Zein;m;1
1;Zoey;w;1
1;Zidane;m;1
1;Zoé;w;1
1;Zé;m;1
1;Zuzanna;w;1
1;Émile;m;1
1;Şilan;w;1
1;Şura;w;1